table,backupName,backupArn,status
toriino-ai-chat,pre-remediation-v1-toriino-ai-chat-20261007T013846Z,arn:aws:dynamodb:us-east-1:888245942659:table/toriino-ai-chat/backup/01791337133339-7f546bb0,CREATING
toriino-ai-memory,pre-remediation-v1-toriino-ai-memory-20261007T013846Z,arn:aws:dynamodb:us-east-1:888245942659:table/toriino-ai-memory/backup/01791337136339-5a58752b,CREATING
toriino-ai-twins,pre-remediation-v1-toriino-ai-twins-20261007T013846Z,arn:aws:dynamodb:us-east-1:888245942659:table/toriino-ai-twins/backup/01791337139629-1e84e386,CREATING
toriino-ai-usage,pre-remediation-v1-toriino-ai-usage-20261007T013846Z,arn:aws:dynamodb:us-east-1:888245942659:table/toriino-ai-usage/backup/01791337144517-69de7e05,CREATING
toriino-banned-emails,pre-remediation-v1-toriino-banned-emails-20261007T013846Z,arn:aws:dynamodb:us-east-1:888245942659:table/toriino-banned-emails/backup/01791337148020-307560d9,CREATING
toriino-enrollments,pre-remediation-v1-toriino-enrollments-20261007T013846Z,arn:aws:dynamodb:us-east-1:888245942659:table/toriino-enrollments/backup/01791337151982-21f6b2b7,CREATING
toriino-knowledge-graph,pre-remediation-v1-toriino-knowledge-graph-20261007T013846Z,arn:aws:dynamodb:us-east-1:888245942659:table/toriino-knowledge-graph/backup/01791337155381-f8878ffc,CREATING
toriino-notifications,pre-remediation-v1-toriino-notifications-20261007T013846Z,arn:aws:dynamodb:us-east-1:888245942659:table/toriino-notifications/backup/01791337160183-a6a6e9cf,CREATING
toriino-recordings,pre-remediation-v1-toriino-recordings-20261007T013846Z,arn:aws:dynamodb:us-east-1:888245942659:table/toriino-recordings/backup/01791337164479-bdcf7725,CREATING
toriino-reviews,pre-remediation-v1-toriino-reviews-20261007T013846Z,arn:aws:dynamodb:us-east-1:888245942659:table/toriino-reviews/backup/01791337168245-5662f815,CREATING
toriino-session-summaries,pre-remediation-v1-toriino-session-summaries-20261007T013846Z,arn:aws:dynamodb:us-east-1:888245942659:table/toriino-session-summaries/backup/01791337171602-81b66f10,CREATING
toriino-test-allowlist,pre-remediation-v1-toriino-test-allowlist-20261007T013846Z,arn:aws:dynamodb:us-east-1:888245942659:table/toriino-test-allowlist/backup/01791337174789-2df24875,CREATING
toriino-transcripts,pre-remediation-v1-toriino-transcripts-20261007T013846Z,arn:aws:dynamodb:us-east-1:888245942659:table/toriino-transcripts/backup/01791337178495-8d349077,CREATING
toriino-wallet,pre-remediation-v1-toriino-wallet-20261007T013846Z,arn:aws:dynamodb:us-east-1:888245942659:table/toriino-wallet/backup/01791337182424-efd5d62a,CREATING
toriino-wallet-events,pre-remediation-v1-toriino-wallet-events-20261007T013846Z,arn:aws:dynamodb:us-east-1:888245942659:table/toriino-wallet-events/backup/01791337186646-0ab91019,CREATING
torino-courses,pre-remediation-v1-torino-courses-20261007T013846Z,arn:aws:dynamodb:us-east-1:888245942659:table/torino-courses/backup/01791337189773-d65d3eee,CREATING
torino-earnings,pre-remediation-v1-torino-earnings-20261007T013846Z,arn:aws:dynamodb:us-east-1:888245942659:table/torino-earnings/backup/01791337193443-52b80a35,CREATING
torino-mentors,pre-remediation-v1-torino-mentors-20261007T013846Z,arn:aws:dynamodb:us-east-1:888245942659:table/torino-mentors/backup/01791337196477-e8a6945c,CREATING
torino-sessions,pre-remediation-v1-torino-sessions-20261007T013846Z,arn:aws:dynamodb:us-east-1:888245942659:table/torino-sessions/backup/01791337200146-633ea28d,CREATING
torino-users,pre-remediation-v1-torino-users-20261007T013846Z,arn:aws:dynamodb:us-east-1:888245942659:table/torino-users/backup/01791337203320-5e4f4e50,CREATING
